model,metric,augmentation_ratio,baseline_mean,augmented_mean,mean_difference,mean_difference_percent,std_difference,t_statistic,p_value_raw,wilcoxon_p_value,cohens_d,ci95_lower,ci95_upper,test_used,h0,h1,p_value_bonferroni,p_value_fdr,is_significant_raw,is_significant_bonferroni,is_significant_fdr
Logistic Regression,recall,25%,0.666716,0.663122,-0.003594,-0.3594,0.037216,-0.2159,0.839618,0.8125,-0.0966,-0.049804,0.042616,Two-tailed Paired t-test (N=5 seeds),mu_diff(recall) = 0 between 0% and 25%,mu_diff(recall) != 0 between 0% and 25%,1.0,0.84907,False,False,False
Logistic Regression,recall,50%,0.666716,0.660236,-0.00648,-0.648,0.068354,-0.212,0.84248,0.8125,-0.0948,-0.091352,0.078392,Two-tailed Paired t-test (N=5 seeds),mu_diff(recall) = 0 between 0% and 50%,mu_diff(recall) != 0 between 0% and 50%,1.0,0.84907,False,False,False
Logistic Regression,recall,75%,0.666716,0.657261,-0.009455,-0.9455,0.095859,-0.2206,0.83624,0.8125,-0.0986,-0.12848,0.10957,Two-tailed Paired t-test (N=5 seeds),mu_diff(recall) = 0 between 0% and 75%,mu_diff(recall) != 0 between 0% and 75%,1.0,0.84907,False,False,False
Logistic Regression,recall,100%,0.666716,0.655081,-0.011635,-1.1635,0.121139,-0.2148,0.840456,0.8125,-0.096,-0.162048,0.138779,Two-tailed Paired t-test (N=5 seeds),mu_diff(recall) = 0 between 0% and 100%,mu_diff(recall) != 0 between 0% and 100%,1.0,0.84907,False,False,False
Logistic Regression,recall,150%,0.666716,0.650869,-0.015847,-1.5847,0.167263,-0.2118,0.842582,0.8125,-0.0947,-0.223532,0.191838,Two-tailed Paired t-test (N=5 seeds),mu_diff(recall) = 0 between 0% and 150%,mu_diff(recall) != 0 between 0% and 150%,1.0,0.84907,False,False,False
Logistic Regression,recall,200%,0.666716,0.648129,-0.018586,-1.8586,0.204768,-0.203,0.84907,0.8125,-0.0908,-0.27284,0.235667,Two-tailed Paired t-test (N=5 seeds),mu_diff(recall) = 0 between 0% and 200%,mu_diff(recall) != 0 between 0% and 200%,1.0,0.84907,False,False,False
Logistic Regression,f1_score,25%,0.708242,0.703402,-0.00484,-0.484,0.016248,-0.6661,0.541815,0.8125,-0.2979,-0.025014,0.015335,Two-tailed Paired t-test (N=5 seeds),mu_diff(f1_score) = 0 between 0% and 25%,mu_diff(f1_score) != 0 between 0% and 25%,1.0,0.72242,False,False,False
Logistic Regression,f1_score,50%,0.708242,0.697399,-0.010842,-1.0842,0.029866,-0.8118,0.462467,0.8125,-0.363,-0.047926,0.026241,Two-tailed Paired t-test (N=5 seeds),mu_diff(f1_score) = 0 between 0% and 50%,mu_diff(f1_score) != 0 between 0% and 50%,1.0,0.652895,False,False,False
Logistic Regression,f1_score,75%,0.708242,0.689912,-0.018329,-1.8329,0.041612,-0.9849,0.380413,0.8125,-0.4405,-0.069997,0.033339,Two-tailed Paired t-test (N=5 seeds),mu_diff(f1_score) = 0 between 0% and 75%,mu_diff(f1_score) != 0 between 0% and 75%,1.0,0.57062,False,False,False
Logistic Regression,f1_score,100%,0.708242,0.682496,-0.025746,-2.5746,0.053203,-1.0821,0.340098,0.8125,-0.4839,-0.091806,0.040315,Two-tailed Paired t-test (N=5 seeds),mu_diff(f1_score) = 0 between 0% and 100%,mu_diff(f1_score) != 0 between 0% and 100%,1.0,0.544157,False,False,False
Logistic Regression,f1_score,150%,0.708242,0.666461,-0.041781,-4.1781,0.075668,-1.2347,0.284524,0.8125,-0.5522,-0.135735,0.052173,Two-tailed Paired t-test (N=5 seeds),mu_diff(f1_score) = 0 between 0% and 150%,mu_diff(f1_score) != 0 between 0% and 150%,1.0,0.487755,False,False,False
Logistic Regression,f1_score,200%,0.708242,0.651806,-0.056436,-5.6436,0.094416,-1.3366,0.252321,0.8125,-0.5977,-0.173669,0.060797,Two-tailed Paired t-test (N=5 seeds),mu_diff(f1_score) = 0 between 0% and 200%,mu_diff(f1_score) != 0 between 0% and 200%,1.0,0.465823,False,False,False
Logistic Regression,roc_auc,25%,0.791842,0.786933,-0.00491,-0.00491,0.003545,-3.0968,0.036334,0.0625,-1.3849,-0.009311,-0.000508,Two-tailed Paired t-test (N=5 seeds),mu_diff(roc_auc) = 0 between 0% and 25%,mu_diff(roc_auc) != 0 between 0% and 25%,0.872016,0.096891,True,False,False
Logistic Regression,roc_auc,50%,0.791842,0.782715,-0.009127,-0.009127,0.005735,-3.5586,0.023615,0.0625,-1.5915,-0.016248,-0.002006,Two-tailed Paired t-test (N=5 seeds),mu_diff(roc_auc) = 0 between 0% and 50%,mu_diff(roc_auc) != 0 between 0% and 50%,0.56676,0.080966,True,False,False
Logistic Regression,roc_auc,75%,0.791842,0.779141,-0.012702,-0.012702,0.007434,-3.8203,0.018773,0.0625,-1.7085,-0.021933,-0.003471,Two-tailed Paired t-test (N=5 seeds),mu_diff(roc_auc) = 0 between 0% and 75%,mu_diff(roc_auc) != 0 between 0% and 75%,0.450552,0.080966,True,False,False
Logistic Regression,roc_auc,100%,0.791842,0.77597,-0.015872,-0.015872,0.009145,-3.8811,0.017825,0.0625,-1.7357,-0.027226,-0.004518,Two-tailed Paired t-test (N=5 seeds),mu_diff(roc_auc) = 0 between 0% and 100%,mu_diff(roc_auc) != 0 between 0% and 100%,0.4278,0.080966,True,False,False
Logistic Regression,roc_auc,150%,0.791842,0.769908,-0.021935,-0.021935,0.012593,-3.895,0.017616,0.0625,-1.7419,-0.037571,-0.006299,Two-tailed Paired t-test (N=5 seeds),mu_diff(roc_auc) = 0 between 0% and 150%,mu_diff(roc_auc) != 0 between 0% and 150%,0.422784,0.080966,True,False,False
Logistic Regression,roc_auc,200%,0.791842,0.763449,-0.028393,-0.028393,0.016996,-3.7356,0.020198,0.0625,-1.6706,-0.049496,-0.00729,Two-tailed Paired t-test (N=5 seeds),mu_diff(roc_auc) = 0 between 0% and 200%,mu_diff(roc_auc) != 0 between 0% and 200%,0.484752,0.080966,True,False,False
Logistic Regression,accuracy,25%,0.728208,0.723982,-0.004227,-0.4227,0.006144,-1.5382,0.198825,0.1875,-0.6879,-0.011856,0.003402,Two-tailed Paired t-test (N=5 seeds),mu_diff(accuracy) = 0 between 0% and 25%,mu_diff(accuracy) != 0 between 0% and 25%,1.0,0.39765,False,False,False
Logistic Regression,accuracy,50%,0.728208,0.718677,-0.009532,-0.9532,0.010354,-2.0584,0.108654,0.0625,-0.9205,-0.022388,0.003325,Two-tailed Paired t-test (N=5 seeds),mu_diff(accuracy) = 0 between 0% and 50%,mu_diff(accuracy) != 0 between 0% and 50%,1.0,0.237063,False,False,False
Logistic Regression,accuracy,75%,0.728208,0.711944,-0.016265,-1.6265,0.012642,-2.8767,0.045162,0.0625,-1.2865,-0.031962,-0.000567,Two-tailed Paired t-test (N=5 seeds),mu_diff(accuracy) = 0 between 0% and 75%,mu_diff(accuracy) != 0 between 0% and 75%,1.0,0.108389,True,False,False
Logistic Regression,accuracy,100%,0.728208,0.705283,-0.022925,-2.2925,0.016323,-3.1405,0.03483,0.0625,-1.4045,-0.043193,-0.002658,Two-tailed Paired t-test (N=5 seeds),mu_diff(accuracy) = 0 between 0% and 100%,mu_diff(accuracy) != 0 between 0% and 100%,0.83592,0.096891,True,False,False
Logistic Regression,accuracy,150%,0.728208,0.691175,-0.037033,-3.7033,0.023121,-3.5815,0.023136,0.0625,-1.6017,-0.065741,-0.008325,Two-tailed Paired t-test (N=5 seeds),mu_diff(accuracy) = 0 between 0% and 150%,mu_diff(accuracy) != 0 between 0% and 150%,0.555264,0.080966,True,False,False
Logistic Regression,accuracy,200%,0.728208,0.678292,-0.049916,-4.9916,0.029361,-3.8015,0.01908,0.0625,-1.7001,-0.086373,-0.013459,Two-tailed Paired t-test (N=5 seeds),mu_diff(accuracy) = 0 between 0% and 200%,mu_diff(accuracy) != 0 between 0% and 200%,0.45792,0.080966,True,False,False
Random Forest,recall,25%,0.680795,0.688512,0.007717,0.7717,0.023815,0.7246,0.508821,0.8125,0.324,-0.021853,0.037287,Two-tailed Paired t-test (N=5 seeds),mu_diff(recall) = 0 between 0% and 25%,mu_diff(recall) != 0 between 0% and 25%,1.0,0.814114,False,False,False
Random Forest,recall,50%,0.680795,0.689573,0.008778,0.8778,0.039949,0.4913,0.648948,0.8125,0.2197,-0.040826,0.058381,Two-tailed Paired t-test (N=5 seeds),mu_diff(recall) = 0 between 0% and 50%,mu_diff(recall) != 0 between 0% and 50%,1.0,0.865264,False,False,False
Random Forest,recall,75%,0.680795,0.689219,0.008424,0.8424,0.052631,0.3579,0.738504,0.8125,0.1601,-0.056926,0.073774,Two-tailed Paired t-test (N=5 seeds),mu_diff(recall) = 0 between 0% and 75%,mu_diff(recall) != 0 between 0% and 75%,1.0,0.912903,False,False,False
Random Forest,recall,100%,0.680795,0.688454,0.007658,0.7658,0.062821,0.2726,0.798658,0.8125,0.1219,-0.070344,0.085661,Two-tailed Paired t-test (N=5 seeds),mu_diff(recall) = 0 between 0% and 100%,mu_diff(recall) != 0 between 0% and 100%,1.0,0.912903,False,False,False
Random Forest,recall,150%,0.680795,0.687216,0.006421,0.6421,0.08508,0.1688,0.874178,1.0,0.0755,-0.09922,0.112062,Two-tailed Paired t-test (N=5 seeds),mu_diff(recall) = 0 between 0% and 150%,mu_diff(recall) != 0 between 0% and 150%,1.0,0.912903,False,False,False
Random Forest,recall,200%,0.680795,0.687481,0.006686,0.6686,0.098977,0.151,0.887248,1.0,0.0676,-0.11621,0.129582,Two-tailed Paired t-test (N=5 seeds),mu_diff(recall) = 0 between 0% and 200%,mu_diff(recall) != 0 between 0% and 200%,1.0,0.912903,False,False,False
Random Forest,f1_score,25%,0.718078,0.718651,0.000574,0.0574,0.008807,0.1457,0.891217,0.8125,0.0652,-0.010362,0.011509,Two-tailed Paired t-test (N=5 seeds),mu_diff(f1_score) = 0 between 0% and 25%,mu_diff(f1_score) != 0 between 0% and 25%,1.0,0.912903,False,False,False
Random Forest,f1_score,50%,0.718078,0.717342,-0.000735,-0.0735,0.01412,-0.1165,0.912903,1.0,-0.0521,-0.018268,0.016797,Two-tailed Paired t-test (N=5 seeds),mu_diff(f1_score) = 0 between 0% and 50%,mu_diff(f1_score) != 0 between 0% and 50%,1.0,0.912903,False,False,False
Random Forest,f1_score,75%,0.718078,0.713797,-0.00428,-0.428,0.018962,-0.5047,0.640278,0.8125,-0.2257,-0.027824,0.019264,Two-tailed Paired t-test (N=5 seeds),mu_diff(f1_score) = 0 between 0% and 75%,mu_diff(f1_score) != 0 between 0% and 75%,1.0,0.865264,False,False,False
Random Forest,f1_score,100%,0.718078,0.711344,-0.006734,-0.6734,0.02312,-0.6513,0.550397,0.8125,-0.2913,-0.035441,0.021973,Two-tailed Paired t-test (N=5 seeds),mu_diff(f1_score) = 0 between 0% and 100%,mu_diff(f1_score) != 0 between 0% and 100%,1.0,0.825596,False,False,False
Random Forest,f1_score,150%,0.718078,0.705168,-0.01291,-1.291,0.030543,-0.9451,0.398109,0.8125,-0.4227,-0.050833,0.025014,Two-tailed Paired t-test (N=5 seeds),mu_diff(f1_score) = 0 between 0% and 150%,mu_diff(f1_score) != 0 between 0% and 150%,1.0,0.682473,False,False,False
Random Forest,f1_score,200%,0.718078,0.700959,-0.017119,-1.7119,0.035836,-1.0682,0.345624,0.8125,-0.4777,-0.061615,0.027378,Two-tailed Paired t-test (N=5 seeds),mu_diff(f1_score) = 0 between 0% and 200%,mu_diff(f1_score) != 0 between 0% and 200%,1.0,0.638075,False,False,False
Random Forest,roc_auc,25%,0.800928,0.798418,-0.00251,-0.00251,0.00072,-7.7934,0.001462,0.0625,-3.4853,-0.003405,-0.001616,Two-tailed Paired t-test (N=5 seeds),mu_diff(roc_auc) = 0 between 0% and 25%,mu_diff(roc_auc) != 0 between 0% and 25%,0.035088,0.005848,True,True,True
Random Forest,roc_auc,50%,0.800928,0.796624,-0.004304,-0.004304,0.000826,-11.6489,0.00031,0.0625,-5.2095,-0.00533,-0.003278,Two-tailed Paired t-test (N=5 seeds),mu_diff(roc_auc) = 0 between 0% and 50%,mu_diff(roc_auc) != 0 between 0% and 50%,0.00744,0.003216,True,True,True
Random Forest,roc_auc,75%,0.800928,0.79459,-0.006338,-0.006338,0.001497,-9.4675,0.000694,0.0625,-4.234,-0.008196,-0.004479,Two-tailed Paired t-test (N=5 seeds),mu_diff(roc_auc) = 0 between 0% and 75%,mu_diff(roc_auc) != 0 between 0% and 75%,0.016656,0.003422,True,True,True
Random Forest,roc_auc,100%,0.800928,0.792858,-0.00807,-0.00807,0.001492,-12.0971,0.000268,0.0625,-5.41,-0.009922,-0.006218,Two-tailed Paired t-test (N=5 seeds),mu_diff(roc_auc) = 0 between 0% and 100%,mu_diff(roc_auc) != 0 between 0% and 100%,0.006432,0.003216,True,True,True
Random Forest,roc_auc,150%,0.800928,0.789741,-0.011187,-0.011187,0.002294,-10.9048,0.000402,0.0625,-4.8768,-0.014036,-0.008339,Two-tailed Paired t-test (N=5 seeds),mu_diff(roc_auc) = 0 between 0% and 150%,mu_diff(roc_auc) != 0 between 0% and 150%,0.009648,0.003216,True,True,True
Random Forest,roc_auc,200%,0.800928,0.786772,-0.014156,-0.014156,0.003366,-9.4034,0.000713,0.0625,-4.2053,-0.018336,-0.009976,Two-tailed Paired t-test (N=5 seeds),mu_diff(roc_auc) = 0 between 0% and 200%,mu_diff(roc_auc) != 0 between 0% and 200%,0.017112,0.003422,True,True,True
Random Forest,accuracy,25%,0.73551,0.733542,-0.001967,-0.1967,0.002445,-1.7994,0.146348,0.3125,-0.8047,-0.005003,0.001068,Two-tailed Paired t-test (N=5 seeds),mu_diff(accuracy) = 0 between 0% and 25%,mu_diff(accuracy) != 0 between 0% and 25%,1.0,0.292696,False,False,False
Random Forest,accuracy,50%,0.73551,0.731822,-0.003687,-0.3687,0.003084,-2.6732,0.055618,0.0625,-1.1955,-0.007517,0.000142,Two-tailed Paired t-test (N=5 seeds),mu_diff(accuracy) = 0 between 0% and 50%,mu_diff(accuracy) != 0 between 0% and 50%,1.0,0.121348,False,False,False
Random Forest,accuracy,75%,0.73551,0.727727,-0.007783,-0.7783,0.004289,-4.0573,0.015382,0.0625,-1.8145,-0.013109,-0.002457,Two-tailed Paired t-test (N=5 seeds),mu_diff(accuracy) = 0 between 0% and 75%,mu_diff(accuracy) != 0 between 0% and 75%,0.369168,0.037788,True,False,True
Random Forest,accuracy,100%,0.73551,0.72522,-0.010289,-1.0289,0.00571,-4.0291,0.015745,0.0625,-1.8019,-0.01738,-0.003199,Two-tailed Paired t-test (N=5 seeds),mu_diff(accuracy) = 0 between 0% and 100%,mu_diff(accuracy) != 0 between 0% and 100%,0.37788,0.037788,True,False,True
Random Forest,accuracy,150%,0.73551,0.718677,-0.016833,-1.6833,0.006193,-6.0782,0.003702,0.0625,-2.7182,-0.024522,-0.009144,Two-tailed Paired t-test (N=5 seeds),mu_diff(accuracy) = 0 between 0% and 150%,mu_diff(accuracy) != 0 between 0% and 150%,0.088848,0.011106,True,False,True
Random Forest,accuracy,200%,0.73551,0.713838,-0.021672,-2.1672,0.007392,-6.5556,0.0028,0.0625,-2.9317,-0.03085,-0.012493,Two-tailed Paired t-test (N=5 seeds),mu_diff(accuracy) = 0 between 0% and 200%,mu_diff(accuracy) != 0 between 0% and 200%,0.0672,0.0096,True,False,True
SVM,recall,25%,0.672636,0.654875,-0.017762,-1.7762,0.06823,-0.5821,0.591733,0.625,-0.2603,-0.10248,0.066957,Two-tailed Paired t-test (N=5 seeds),mu_diff(recall) = 0 between 0% and 25%,mu_diff(recall) != 0 between 0% and 25%,1.0,0.706894,False,False,False
SVM,recall,50%,0.672636,0.662032,-0.010604,-1.0604,0.112491,-0.2108,0.843362,1.0,-0.0943,-0.15028,0.129072,Two-tailed Paired t-test (N=5 seeds),mu_diff(recall) = 0 between 0% and 50%,mu_diff(recall) != 0 between 0% and 50%,1.0,0.88003,False,False,False
SVM,recall,75%,0.672636,0.631311,-0.041326,-4.1326,0.129521,-0.7134,0.514984,0.625,-0.3191,-0.202148,0.119496,Two-tailed Paired t-test (N=5 seeds),mu_diff(recall) = 0 between 0% and 75%,mu_diff(recall) != 0 between 0% and 75%,1.0,0.650506,False,False,False
SVM,recall,100%,0.672636,0.640795,-0.031841,-3.1841,0.132111,-0.5389,0.618532,0.8125,-0.241,-0.195878,0.132197,Two-tailed Paired t-test (N=5 seeds),mu_diff(recall) = 0 between 0% and 100%,mu_diff(recall) != 0 between 0% and 100%,1.0,0.706894,False,False,False
SVM,recall,150%,0.672636,0.641355,-0.031281,-3.1281,0.202166,-0.346,0.746783,0.8125,-0.1547,-0.282304,0.219741,Two-tailed Paired t-test (N=5 seeds),mu_diff(recall) = 0 between 0% and 150%,mu_diff(recall) != 0 between 0% and 150%,1.0,0.814672,False,False,False
SVM,recall,200%,0.672636,0.685184,0.012548,1.2548,0.20247,0.1386,0.896482,0.625,0.062,-0.238852,0.263947,Two-tailed Paired t-test (N=5 seeds),mu_diff(recall) = 0 between 0% and 200%,mu_diff(recall) != 0 between 0% and 200%,1.0,0.896482,False,False,False
SVM,f1_score,25%,0.708493,0.696208,-0.012285,-1.2285,0.029736,-0.9238,0.407865,0.4375,-0.4131,-0.049207,0.024637,Two-tailed Paired t-test (N=5 seeds),mu_diff(f1_score) = 0 between 0% and 25%,mu_diff(f1_score) != 0 between 0% and 25%,1.0,0.54382,False,False,False
SVM,f1_score,50%,0.708493,0.690049,-0.018443,-1.8443,0.044441,-0.928,0.405941,0.8125,-0.415,-0.073624,0.036737,Two-tailed Paired t-test (N=5 seeds),mu_diff(f1_score) = 0 between 0% and 50%,mu_diff(f1_score) != 0 between 0% and 50%,1.0,0.54382,False,False,False
SVM,f1_score,75%,0.708493,0.671557,-0.036936,-3.6936,0.058966,-1.4006,0.233924,0.4375,-0.6264,-0.110152,0.036281,Two-tailed Paired t-test (N=5 seeds),mu_diff(f1_score) = 0 between 0% and 75%,mu_diff(f1_score) != 0 between 0% and 75%,1.0,0.384504,False,False,False
SVM,f1_score,100%,0.708493,0.669962,-0.03853,-3.853,0.065112,-1.3232,0.256336,0.4375,-0.5918,-0.119378,0.042317,Two-tailed Paired t-test (N=5 seeds),mu_diff(f1_score) = 0 between 0% and 100%,mu_diff(f1_score) != 0 between 0% and 100%,1.0,0.384504,False,False,False
SVM,f1_score,150%,0.708493,0.648881,-0.059612,-5.9612,0.096846,-1.3764,0.240728,0.8125,-0.6155,-0.179862,0.060638,Two-tailed Paired t-test (N=5 seeds),mu_diff(f1_score) = 0 between 0% and 150%,mu_diff(f1_score) != 0 between 0% and 150%,1.0,0.384504,False,False,False
SVM,f1_score,200%,0.708493,0.663389,-0.045104,-4.5104,0.074514,-1.3535,0.247326,0.8125,-0.6053,-0.137625,0.047418,Two-tailed Paired t-test (N=5 seeds),mu_diff(f1_score) = 0 between 0% and 200%,mu_diff(f1_score) != 0 between 0% and 200%,1.0,0.384504,False,False,False
SVM,roc_auc,25%,0.788602,0.782586,-0.006016,-0.006016,0.008281,-1.6245,0.179585,0.3125,-0.7265,-0.016298,0.004266,Two-tailed Paired t-test (N=5 seeds),mu_diff(roc_auc) = 0 between 0% and 25%,mu_diff(roc_auc) != 0 between 0% and 25%,1.0,0.384504,False,False,False
SVM,roc_auc,50%,0.788602,0.7782,-0.010402,-0.010402,0.007579,-3.069,0.037331,0.125,-1.3725,-0.019813,-0.000991,Two-tailed Paired t-test (N=5 seeds),mu_diff(roc_auc) = 0 between 0% and 50%,mu_diff(roc_auc) != 0 between 0% and 50%,0.895944,0.138846,True,False,False
SVM,roc_auc,75%,0.788602,0.774141,-0.014461,-0.014461,0.009774,-3.3084,0.029698,0.0625,-1.4796,-0.026597,-0.002325,Two-tailed Paired t-test (N=5 seeds),mu_diff(roc_auc) = 0 between 0% and 75%,mu_diff(roc_auc) != 0 between 0% and 75%,0.712752,0.138846,True,False,False
SVM,roc_auc,100%,0.788602,0.767461,-0.021141,-0.021141,0.014249,-3.3176,0.029444,0.0625,-1.4837,-0.038833,-0.003448,Two-tailed Paired t-test (N=5 seeds),mu_diff(roc_auc) = 0 between 0% and 100%,mu_diff(roc_auc) != 0 between 0% and 100%,0.706656,0.138846,True,False,False
SVM,roc_auc,150%,0.788602,0.754384,-0.034218,-0.034218,0.029473,-2.5961,0.060295,0.0625,-1.161,-0.070813,0.002377,Two-tailed Paired t-test (N=5 seeds),mu_diff(roc_auc) = 0 between 0% and 150%,mu_diff(roc_auc) != 0 between 0% and 150%,1.0,0.144708,False,False,False
SVM,roc_auc,200%,0.788602,0.756976,-0.031626,-0.031626,0.018628,-3.7964,0.019163,0.0625,-1.6978,-0.054756,-0.008497,Two-tailed Paired t-test (N=5 seeds),mu_diff(roc_auc) = 0 between 0% and 200%,mu_diff(roc_auc) != 0 between 0% and 200%,0.459912,0.138846,True,False,False
SVM,accuracy,25%,0.726241,0.71856,-0.007681,-0.7681,0.011332,-1.5156,0.204199,0.4375,-0.6778,-0.021751,0.006389,Two-tailed Paired t-test (N=5 seeds),mu_diff(accuracy) = 0 between 0% and 25%,mu_diff(accuracy) != 0 between 0% and 25%,1.0,0.384504,False,False,False
SVM,accuracy,50%,0.726241,0.710122,-0.016119,-1.6119,0.013456,-2.6786,0.055311,0.0625,-1.1979,-0.032827,0.000589,Two-tailed Paired t-test (N=5 seeds),mu_diff(accuracy) = 0 between 0% and 50%,mu_diff(accuracy) != 0 between 0% and 50%,1.0,0.144708,False,False,False
SVM,accuracy,75%,0.726241,0.701261,-0.02498,-2.498,0.019226,-2.9053,0.043884,0.0625,-1.2993,-0.048852,-0.001108,Two-tailed Paired t-test (N=5 seeds),mu_diff(accuracy) = 0 between 0% and 75%,mu_diff(accuracy) != 0 between 0% and 75%,1.0,0.138846,True,False,False
SVM,accuracy,100%,0.726241,0.695314,-0.030926,-3.0926,0.024243,-2.8524,0.046282,0.0625,-1.2757,-0.061028,-0.000824,Two-tailed Paired t-test (N=5 seeds),mu_diff(accuracy) = 0 between 0% and 100%,mu_diff(accuracy) != 0 between 0% and 100%,1.0,0.138846,True,False,False
SVM,accuracy,150%,0.726241,0.674517,-0.051723,-5.1723,0.038147,-3.0319,0.03871,0.0625,-1.3559,-0.09909,-0.004357,Two-tailed Paired t-test (N=5 seeds),mu_diff(accuracy) = 0 between 0% and 150%,mu_diff(accuracy) != 0 between 0% and 150%,0.92904,0.138846,True,False,False
SVM,accuracy,200%,0.726241,0.671238,-0.055002,-5.5002,0.026036,-4.7238,0.009146,0.0625,-2.1126,-0.08733,-0.022674,Two-tailed Paired t-test (N=5 seeds),mu_diff(accuracy) = 0 between 0% and 200%,mu_diff(accuracy) != 0 between 0% and 200%,0.219504,0.138846,True,False,False
XGBoost,recall,25%,0.688189,0.693225,0.005037,0.5037,0.016,0.7039,0.520313,0.375,0.3148,-0.01483,0.024904,Two-tailed Paired t-test (N=5 seeds),mu_diff(recall) = 0 between 0% and 25%,mu_diff(recall) != 0 between 0% and 25%,1.0,0.748949,False,False,False
XGBoost,recall,50%,0.688189,0.694992,0.006804,0.6804,0.024073,0.632,0.561712,0.4375,0.2826,-0.023086,0.036694,Two-tailed Paired t-test (N=5 seeds),mu_diff(recall) = 0 between 0% and 50%,mu_diff(recall) != 0 between 0% and 50%,1.0,0.748949,False,False,False
XGBoost,recall,75%,0.688189,0.698085,0.009897,0.9897,0.033406,0.6624,0.543905,0.3125,0.2963,-0.031582,0.051375,Two-tailed Paired t-test (N=5 seeds),mu_diff(recall) = 0 between 0% and 75%,mu_diff(recall) != 0 between 0% and 75%,1.0,0.748949,False,False,False
XGBoost,recall,100%,0.688189,0.699823,0.011635,1.1635,0.038676,0.6727,0.538021,0.3125,0.3008,-0.036388,0.059658,Two-tailed Paired t-test (N=5 seeds),mu_diff(recall) = 0 between 0% and 100%,mu_diff(recall) != 0 between 0% and 100%,1.0,0.748949,False,False,False
XGBoost,recall,150%,0.688189,0.699558,0.01137,1.137,0.052324,0.4859,0.652467,0.625,0.2173,-0.053599,0.076338,Two-tailed Paired t-test (N=5 seeds),mu_diff(recall) = 0 between 0% and 150%,mu_diff(recall) != 0 between 0% and 150%,1.0,0.81008,False,False,False
XGBoost,recall,200%,0.688189,0.700795,0.012607,1.2607,0.062444,0.4514,0.675067,0.625,0.2019,-0.064928,0.090141,Two-tailed Paired t-test (N=5 seeds),mu_diff(recall) = 0 between 0% and 200%,mu_diff(recall) != 0 between 0% and 200%,1.0,0.81008,False,False,False
XGBoost,f1_score,25%,0.720059,0.720248,0.000189,0.0189,0.004843,0.0871,0.934798,0.8125,0.0389,-0.005825,0.006202,Two-tailed Paired t-test (N=5 seeds),mu_diff(f1_score) = 0 between 0% and 25%,mu_diff(f1_score) != 0 between 0% and 25%,1.0,0.934798,False,False,False
XGBoost,f1_score,50%,0.720059,0.7196,-0.000459,-0.0459,0.007233,-0.1418,0.89406,0.8125,-0.0634,-0.009439,0.008522,Two-tailed Paired t-test (N=5 seeds),mu_diff(f1_score) = 0 between 0% and 50%,mu_diff(f1_score) != 0 between 0% and 50%,1.0,0.932932,False,False,False
XGBoost,f1_score,75%,0.720059,0.718892,-0.001167,-0.1167,0.01058,-0.2466,0.817361,0.8125,-0.1103,-0.014304,0.01197,Two-tailed Paired t-test (N=5 seeds),mu_diff(f1_score) = 0 between 0% and 75%,mu_diff(f1_score) != 0 between 0% and 75%,1.0,0.891667,False,False,False
XGBoost,f1_score,100%,0.720059,0.718238,-0.001821,-0.1821,0.011485,-0.3546,0.740802,0.8125,-0.1586,-0.016081,0.012439,Two-tailed Paired t-test (N=5 seeds),mu_diff(f1_score) = 0 between 0% and 100%,mu_diff(f1_score) != 0 between 0% and 100%,1.0,0.846631,False,False,False
XGBoost,f1_score,150%,0.720059,0.714545,-0.005514,-0.5514,0.016259,-0.7584,0.490455,0.8125,-0.3392,-0.025702,0.014674,Two-tailed Paired t-test (N=5 seeds),mu_diff(f1_score) = 0 between 0% and 150%,mu_diff(f1_score) != 0 between 0% and 150%,1.0,0.748949,False,False,False
XGBoost,f1_score,200%,0.720059,0.712539,-0.00752,-0.752,0.019079,-0.8814,0.427891,0.8125,-0.3942,-0.03121,0.016169,Two-tailed Paired t-test (N=5 seeds),mu_diff(f1_score) = 0 between 0% and 200%,mu_diff(f1_score) != 0 between 0% and 200%,1.0,0.748949,False,False,False
XGBoost,roc_auc,25%,0.801009,0.799204,-0.001804,-0.001804,0.000816,-4.9459,0.007784,0.0625,-2.2119,-0.002817,-0.000791,Two-tailed Paired t-test (N=5 seeds),mu_diff(roc_auc) = 0 between 0% and 25%,mu_diff(roc_auc) != 0 between 0% and 25%,0.186816,0.016983,True,False,True
XGBoost,roc_auc,50%,0.801009,0.797519,-0.00349,-0.00349,0.000498,-15.6692,9.7e-05,0.0625,-7.0075,-0.004108,-0.002872,Two-tailed Paired t-test (N=5 seeds),mu_diff(roc_auc) = 0 between 0% and 50%,mu_diff(roc_auc) != 0 between 0% and 50%,0.002328,0.000466,True,True,True
XGBoost,roc_auc,75%,0.801009,0.7962,-0.004809,-0.004809,0.000672,-15.9983,8.9e-05,0.0625,-7.1547,-0.005644,-0.003974,Two-tailed Paired t-test (N=5 seeds),mu_diff(roc_auc) = 0 between 0% and 75%,mu_diff(roc_auc) != 0 between 0% and 75%,0.002136,0.000466,True,True,True
XGBoost,roc_auc,100%,0.801009,0.794756,-0.006253,-0.006253,0.000872,-16.0336,8.8e-05,0.0625,-7.1705,-0.007336,-0.00517,Two-tailed Paired t-test (N=5 seeds),mu_diff(roc_auc) = 0 between 0% and 100%,mu_diff(roc_auc) != 0 between 0% and 100%,0.002112,0.000466,True,True,True
XGBoost,roc_auc,150%,0.801009,0.792545,-0.008464,-0.008464,0.001516,-12.4814,0.000237,0.0625,-5.5818,-0.010347,-0.006581,Two-tailed Paired t-test (N=5 seeds),mu_diff(roc_auc) = 0 between 0% and 150%,mu_diff(roc_auc) != 0 between 0% and 150%,0.005688,0.000813,True,True,True
XGBoost,roc_auc,200%,0.801009,0.790503,-0.010505,-0.010505,0.001624,-14.4664,0.000133,0.0625,-6.4696,-0.012521,-0.008489,Two-tailed Paired t-test (N=5 seeds),mu_diff(roc_auc) = 0 between 0% and 200%,mu_diff(roc_auc) != 0 between 0% and 200%,0.003192,0.000532,True,True,True
XGBoost,accuracy,25%,0.735233,0.733688,-0.001545,-0.1545,0.000986,-3.5016,0.024861,0.0625,-1.566,-0.00277,-0.00032,Two-tailed Paired t-test (N=5 seeds),mu_diff(accuracy) = 0 between 0% and 25%,mu_diff(accuracy) != 0 between 0% and 25%,0.596664,0.049722,True,False,True
XGBoost,accuracy,50%,0.735233,0.732289,-0.002944,-0.2944,0.000723,-9.1112,0.000805,0.0625,-4.0746,-0.003841,-0.002047,Two-tailed Paired t-test (N=5 seeds),mu_diff(accuracy) = 0 between 0% and 50%,mu_diff(accuracy) != 0 between 0% and 50%,0.01932,0.002415,True,True,True
XGBoost,accuracy,75%,0.735233,0.730365,-0.004868,-0.4868,0.001456,-7.4764,0.001711,0.0625,-3.3435,-0.006676,-0.00306,Two-tailed Paired t-test (N=5 seeds),mu_diff(accuracy) = 0 between 0% and 75%,mu_diff(accuracy) != 0 between 0% and 75%,0.041064,0.004106,True,True,True
XGBoost,accuracy,100%,0.735233,0.728951,-0.006281,-0.6281,0.000758,-18.5275,5e-05,0.0625,-8.2858,-0.007223,-0.00534,Two-tailed Paired t-test (N=5 seeds),mu_diff(accuracy) = 0 between 0% and 100%,mu_diff(accuracy) != 0 between 0% and 100%,0.0012,0.000466,True,True,True
XGBoost,accuracy,150%,0.735233,0.724565,-0.010668,-1.0668,0.002709,-8.8067,0.000917,0.0625,-3.9385,-0.014032,-0.007305,Two-tailed Paired t-test (N=5 seeds),mu_diff(accuracy) = 0 between 0% and 150%,mu_diff(accuracy) != 0 between 0% and 150%,0.022008,0.002445,True,True,True
XGBoost,accuracy,200%,0.735233,0.721766,-0.013466,-1.3466,0.001827,-16.4825,7.9e-05,0.0625,-7.3712,-0.015735,-0.011198,Two-tailed Paired t-test (N=5 seeds),mu_diff(accuracy) = 0 between 0% and 200%,mu_diff(accuracy) != 0 between 0% and 200%,0.001896,0.000466,True,True,True
