dataset,model,augmentation_ratio,ratio_float,real_train_size,synthetic_train_size,total_train_size,test_size,accuracy,precision,recall,f1_score,roc_auc,brier_score,weighted_score
UCI Heart Disease,Logistic Regression,0%,0.0,242,0,242,61,0.868852,0.8125,0.928571,0.866667,0.951299,0.091845,0.916818
UCI Heart Disease,Random Forest,0%,0.0,242,0,242,61,0.885246,0.83871,0.928571,0.881356,0.949134,0.097714,0.920576
UCI Heart Disease,SVM,0%,0.0,242,0,242,61,0.868852,0.8125,0.928571,0.866667,0.957792,0.120894,0.918766
UCI Heart Disease,XGBoost,0%,0.0,242,0,242,61,0.852459,0.787879,0.928571,0.852459,0.929654,0.111285,0.906062
UCI Heart Disease,Logistic Regression,25%,0.25,242,60,302,61,0.885246,0.83871,0.928571,0.881356,0.954545,0.096117,0.922199
UCI Heart Disease,Random Forest,25%,0.25,242,60,302,61,0.868852,0.833333,0.892857,0.862069,0.942641,0.110162,0.898556
UCI Heart Disease,SVM,25%,0.25,242,60,302,61,0.885246,0.862069,0.892857,0.877193,0.929654,0.094318,0.899197
UCI Heart Disease,XGBoost,25%,0.25,242,60,302,61,0.852459,0.851852,0.821429,0.836364,0.930736,0.102302,0.858701
UCI Heart Disease,Logistic Regression,50%,0.5,242,121,363,61,0.852459,0.806452,0.892857,0.847458,0.95671,0.105359,0.898393
UCI Heart Disease,Random Forest,50%,0.5,242,121,363,61,0.868852,0.833333,0.892857,0.862069,0.948052,0.113043,0.900179
UCI Heart Disease,SVM,50%,0.5,242,121,363,61,0.737705,0.7,0.75,0.724138,0.780303,0.231253,0.751332
UCI Heart Disease,XGBoost,50%,0.5,242,121,363,61,0.836066,0.764706,0.928571,0.83871,0.92316,0.121655,0.89999
UCI Heart Disease,Logistic Regression,75%,0.75,242,181,423,61,0.852459,0.806452,0.892857,0.847458,0.944805,0.111594,0.894822
UCI Heart Disease,Random Forest,75%,0.75,242,181,423,61,0.868852,0.857143,0.857143,0.857143,0.931818,0.123403,0.879545
UCI Heart Disease,SVM,75%,0.75,242,181,423,61,0.770492,0.733333,0.785714,0.758621,0.813853,0.211592,0.786028
UCI Heart Disease,XGBoost,75%,0.75,242,181,423,61,0.803279,0.766667,0.821429,0.793103,0.888528,0.133008,0.833061
UCI Heart Disease,Logistic Regression,100%,1.0,242,242,484,61,0.852459,0.827586,0.857143,0.842105,0.950216,0.115765,0.880554
UCI Heart Disease,Random Forest,100%,1.0,242,242,484,61,0.803279,0.766667,0.821429,0.793103,0.920996,0.134666,0.842801
UCI Heart Disease,SVM,100%,1.0,242,242,484,61,0.852459,0.827586,0.857143,0.842105,0.928571,0.111914,0.87406
UCI Heart Disease,XGBoost,100%,1.0,242,242,484,61,0.770492,0.75,0.75,0.75,0.88961,0.133644,0.791883
UCI Heart Disease,Logistic Regression,150%,1.5,242,363,605,61,0.852459,0.827586,0.857143,0.842105,0.945887,0.125875,0.879255
UCI Heart Disease,Random Forest,150%,1.5,242,363,605,61,0.803279,0.807692,0.75,0.777778,0.924242,0.131665,0.810606
UCI Heart Disease,SVM,150%,1.5,242,363,605,61,0.754098,0.709677,0.785714,0.745763,0.816017,0.172079,0.78282
UCI Heart Disease,XGBoost,150%,1.5,242,363,605,61,0.803279,0.785714,0.785714,0.785714,0.841991,0.15912,0.802597
UCI Heart Disease,Logistic Regression,200%,2.0,242,484,726,61,0.885246,0.888889,0.857143,0.872727,0.952381,0.133304,0.89039
UCI Heart Disease,Random Forest,200%,2.0,242,484,726,61,0.852459,0.806452,0.892857,0.847458,0.937229,0.130176,0.892549
UCI Heart Disease,SVM,200%,2.0,242,484,726,61,0.754098,0.76,0.678571,0.716981,0.767316,0.197636,0.716718
UCI Heart Disease,XGBoost,200%,2.0,242,484,726,61,0.852459,0.787879,0.928571,0.852459,0.902597,0.125184,0.897945
Large Cardiovascular Cohort,Logistic Regression,0%,0.0,54889,0,54889,13723,0.730015,0.758939,0.665832,0.709343,0.795913,0.185307,0.71791
Large Cardiovascular Cohort,Random Forest,0%,0.0,54889,0,54889,13723,0.735189,0.767821,0.666274,0.713452,0.805453,0.179227,0.722181
Large Cardiovascular Cohort,SVM,0%,0.0,54889,0,54889,13723,0.728777,0.742798,0.691163,0.716051,0.790736,0.186474,0.728502
Large Cardiovascular Cohort,XGBoost,0%,0.0,54889,0,54889,13723,0.737958,0.762061,0.683947,0.720894,0.805344,0.178822,0.73145
Large Cardiovascular Cohort,Logistic Regression,25%,0.25,54889,13722,68611,13723,0.725206,0.776212,0.624742,0.692289,0.794203,0.188494,0.695844
Large Cardiovascular Cohort,Random Forest,25%,0.25,54889,13722,68611,13723,0.734096,0.778903,0.64595,0.706223,0.803825,0.181796,0.711394
Large Cardiovascular Cohort,SVM,25%,0.25,54889,13722,68611,13723,0.720907,0.775298,0.613844,0.685188,0.788913,0.190151,0.687768
Large Cardiovascular Cohort,XGBoost,25%,0.25,54889,13722,68611,13723,0.733732,0.76988,0.658763,0.71,0.803899,0.180712,0.717675
Large Cardiovascular Cohort,Logistic Regression,50%,0.5,54889,27444,82333,13723,0.715295,0.784488,0.58542,0.67049,0.791405,0.192371,0.672737
Large Cardiovascular Cohort,Random Forest,50%,0.5,54889,27444,82333,13723,0.72506,0.782438,0.615464,0.688979,0.80134,0.185016,0.693281
Large Cardiovascular Cohort,SVM,50%,0.5,54889,27444,82333,13723,0.711069,0.76951,0.593962,0.670435,0.779426,0.195072,0.672543
Large Cardiovascular Cohort,XGBoost,50%,0.5,54889,27444,82333,13723,0.731837,0.771853,0.650221,0.705835,0.802378,0.182439,0.712552
Large Cardiovascular Cohort,Logistic Regression,75%,0.75,54889,41166,96055,13723,0.705968,0.786323,0.557143,0.652185,0.789042,0.195553,0.655225
Large Cardiovascular Cohort,Random Forest,75%,0.75,54889,41166,96055,13723,0.719959,0.784295,0.598675,0.679028,0.79894,0.187709,0.68286
Large Cardiovascular Cohort,SVM,75%,0.75,54889,41166,96055,13723,0.708519,0.789659,0.560088,0.655351,0.790116,0.194401,0.657675
Large Cardiovascular Cohort,XGBoost,75%,0.75,54889,41166,96055,13723,0.727246,0.77298,0.635346,0.697438,0.800716,0.184099,0.703585
Large Cardiovascular Cohort,Logistic Regression,100%,1.0,54889,54889,109778,13723,0.699701,0.792718,0.532253,0.636884,0.786966,0.198346,0.640056
Large Cardiovascular Cohort,Random Forest,100%,1.0,54889,54889,109778,13723,0.717044,0.784832,0.589838,0.673505,0.796625,0.19,0.676974
Large Cardiovascular Cohort,SVM,100%,1.0,54889,54889,109778,13723,0.705749,0.78243,0.561414,0.653747,0.781637,0.196833,0.655181
Large Cardiovascular Cohort,XGBoost,100%,1.0,54889,54889,109778,13723,0.722364,0.771799,0.623122,0.689537,0.799357,0.185292,0.695917
Large Cardiovascular Cohort,Logistic Regression,150%,1.5,54889,82333,137222,13723,0.68316,0.792105,0.487629,0.603646,0.783213,0.202694,0.611109
Large Cardiovascular Cohort,Random Forest,150%,1.5,54889,82333,137222,13723,0.712381,0.787928,0.572901,0.663426,0.79189,0.193923,0.665755
Large Cardiovascular Cohort,SVM,150%,1.5,54889,82333,137222,13723,0.681702,0.811953,0.464212,0.590705,0.789496,0.204356,0.599745
Large Cardiovascular Cohort,XGBoost,150%,1.5,54889,82333,137222,13723,0.717554,0.769615,0.612518,0.682139,0.796815,0.187542,0.688694
Large Cardiovascular Cohort,Logistic Regression,200%,2.0,54889,109778,164667,13723,0.674707,0.79443,0.46215,0.584358,0.780147,0.205898,0.594211
Large Cardiovascular Cohort,Random Forest,200%,2.0,54889,109778,164667,13723,0.70932,0.785875,0.56701,0.658739,0.787659,0.196631,0.660723
Large Cardiovascular Cohort,SVM,200%,2.0,54889,109778,164667,13723,0.669606,0.786149,0.456406,0.577525,0.773772,0.207422,0.587952
Large Cardiovascular Cohort,XGBoost,200%,2.0,54889,109778,164667,13723,0.715878,0.774236,0.601031,0.676727,0.793557,0.189796,0.681497
