model,augmentation_ratio,recall_mean,recall_std,recall_min,recall_max,f1_score_mean,f1_score_std,f1_score_min,f1_score_max,roc_auc_mean,roc_auc_std,roc_auc_min,roc_auc_max,accuracy_mean,accuracy_std,accuracy_min,accuracy_max,precision_mean,precision_std,precision_min,precision_max
Logistic Regression,0,0.6667158,0.004412365884647421,0.661708,0.673049,0.7082416,0.0033750485626136057,0.703871,0.712694,0.7918424,0.0048817438789842335,0.786482,0.795913,0.7282082,0.0036011365844688635,0.72353,0.733149,0.7553238,0.006048473005643673,0.748755,0.762592
Logistic Regression,25,0.6631222,0.04089496260176798,0.61458,0.70486,0.7034018,0.01921469972963406,0.676502,0.719537,0.7869328,0.007646256973186321,0.776037,0.795339,0.7239816,0.00902849368942574,0.709174,0.732129,0.7507424,0.013226824875985933,0.734838,0.770644
Logistic Regression,50,0.6602356,0.07200764890829305,0.573343,0.729897,0.6973992,0.0328928855940004,0.65275,0.721135,0.7827154000000001,0.009816319513952291,0.768651,0.794213,0.7186766,0.013561218356032776,0.698171,0.731181,0.7450262000000001,0.02356798179098075,0.712581,0.775719
Logistic Regression,75,0.6572608,0.09963441998978065,0.54109,0.758616,0.6899124000000001,0.04457409143549647,0.633776,0.726209,0.7791406000000001,0.011631992189646615,0.762801,0.793029,0.7119436,0.015590128264385758,0.690592,0.725862,0.7376992,0.03149344695647015,0.696458,0.773681
Logistic Regression,100,0.655081,0.1249664302262812,0.513255,0.782327,0.682496,0.05617920196567412,0.615344,0.725435,0.7759704000000001,0.013470258063600728,0.75754,0.792122,0.705283,0.019298404804542774,0.682504,0.725424,0.730715,0.03970284350647944,0.676257,0.771183
Logistic Regression,150,0.6508689999999999,0.17113695225461975,0.454934,0.827246,0.6664608,0.07865869774030079,0.572355,0.725289,0.7699076,0.016932336129430018,0.746934,0.790482,0.6911754,0.025971399621506727,0.66363,0.72251,0.7162978,0.05182150578379601,0.645706,0.771479
Logistic Regression,200,0.6481294,0.20868791530728367,0.416495,0.861708,0.651806,0.09740375628793789,0.540933,0.72411,0.7634494000000001,0.021386843918633717,0.734731,0.789407,0.6782918,0.03206431409214926,0.648692,0.720979,0.703987,0.06186744068975217,0.619547,0.771413
Random Forest,0,0.6807954,0.006787742982759441,0.67408,0.689543,0.7180776,0.004404857296212919,0.711743,0.723176,0.8009280000000001,0.004834098830185399,0.794868,0.804692,0.7355098,0.003904651546553171,0.729724,0.740363,0.7597334,0.005701123468229722,0.753497,0.766153
Random Forest,25,0.6885124,0.027299159113423295,0.65243,0.715169,0.7186514,0.012002650428134618,0.704573,0.72996,0.7984176,0.005151394112276824,0.79248,0.803257,0.7335423999999999,0.005730954702316198,0.725716,0.739051,0.7523226,0.008748991416157627,0.742962,0.765774
Random Forest,50,0.689573,0.04346000381385164,0.630486,0.733579,0.7173421999999999,0.01697176698814831,0.69446,0.731908,0.7966242,0.0055604368263653505,0.789893,0.801556,0.7318224,0.005699014107720758,0.725497,0.737375,0.7496594,0.016150178042362268,0.730245,0.772883
Random Forest,75,0.6892194,0.05619249863905326,0.615169,0.744624,0.7137974,0.021894646704160314,0.684474,0.732177,0.7945903999999999,0.005960767257660732,0.788144,0.800534,0.727727,0.006871717107099176,0.719376,0.73446,0.743845,0.02025857193881148,0.719818,0.771376
Random Forest,100,0.6884538,0.06619642732957726,0.599264,0.752283,0.7113438000000001,0.02586856271036333,0.674625,0.732759,0.7928578,0.0061511891289408585,0.786058,0.798324,0.7252204,0.007791559170024977,0.713984,0.73344,0.7409022000000001,0.023962218338459376,0.712612,0.771667
Random Forest,150,0.6872164,0.08860648908121797,0.574669,0.772312,0.705168,0.03358653623849891,0.660852,0.734199,0.7897408,0.006734784012869278,0.781645,0.795756,0.7186766,0.008943633366814637,0.708154,0.730015,0.7334636,0.03435852743206553,0.693192,0.777446
Random Forest,200,0.6874814,0.10259919038082124,0.557879,0.789543,0.7009588,0.03883034624105223,0.648519,0.733423,0.786772,0.007835597073612217,0.777361,0.794454,0.713838,0.009783207628380313,0.700794,0.72608,0.7273164000000001,0.03891813024542679,0.681801,0.774325
SVM,0,0.6726362,0.017318529518986246,0.646981,0.691163,0.7084927999999999,0.006654789831392072,0.699689,0.716051,0.788602,0.003974103420898881,0.784402,0.793358,0.7262406,0.002559023700554587,0.722291,0.728777,0.7487923999999999,0.008129296974523711,0.742798,0.761748
SVM,25,0.6548746000000001,0.056462963461015744,0.568778,0.71944,0.6962075999999999,0.027066205520907407,0.654965,0.71944,0.7825858,0.0115389551823378,0.76845,0.793814,0.71856,0.012523347495777657,0.70349,0.730598,0.7468828000000001,0.019916450215839168,0.71944,0.771937
SVM,50,0.6620324,0.10389611183437043,0.551252,0.786745,0.6900494,0.04341901858978393,0.640212,0.728091,0.7781998,0.01095946945339962,0.766309,0.791281,0.7101216,0.015205016501141935,0.693434,0.726663,0.7333946,0.036194672056809665,0.677575,0.766829
SVM,75,0.6313105999999999,0.12157744652401611,0.487629,0.769072,0.6715572,0.05772331963513532,0.601672,0.723269,0.774141,0.012525745267248591,0.754274,0.787445,0.7012608,0.0207705907282388,0.677622,0.720834,0.7357904000000001,0.03882877312380599,0.682614,0.785342
SVM,100,0.6407954,0.1265990601951689,0.460825,0.766568,0.6699624,0.06560488245397594,0.570569,0.719867,0.7674614,0.017513666072527433,0.748278,0.790565,0.6953144,0.026310685249533138,0.656781,0.724696,0.718741,0.027609817266689776,0.67853,0.748923
SVM,150,0.6413548,0.19386680441916818,0.430633,0.848012,0.6488808,0.09630854087618602,0.540784,0.723114,0.754384,0.03273776564611577,0.714943,0.79033,0.6745172,0.03961099765469182,0.628725,0.723821,0.693299,0.0485531642171754,0.621949,0.746109
SVM,200,0.6851838,0.19475927799131937,0.467894,0.872901,0.6633891999999999,0.07427651235552192,0.573776,0.719983,0.7569756,0.021515600881685828,0.729104,0.786482,0.6712382,0.02735866823695925,0.654449,0.719595,0.6812404,0.06612158682533258,0.604426,0.741597
XGBoost,0,0.6881885999999999,0.004792173129176334,0.682916,0.693962,0.7200592,0.004069951498482492,0.715664,0.724622,0.8010086,0.004890411618667682,0.794944,0.805344,0.7352328,0.004387416232818558,0.729359,0.739853,0.7550658,0.006802169742074906,0.745217,0.762061
XGBoost,25,0.6932254,0.019289297065989728,0.668925,0.712224,0.7202478,0.008764639479179936,0.71002,0.728633,0.7992044,0.004969884988608915,0.793759,0.804157,0.733688,0.004663230532581417,0.728121,0.738323,0.749822,0.006045682260919784,0.741036,0.756496
XGBoost,50,0.6949924000000001,0.02716775222207391,0.662003,0.721649,0.7196004,0.011161285064901804,0.706539,0.729248,0.7975186,0.005088347354495397,0.791515,0.802366,0.7322888,0.004448455091377228,0.7271,0.736647,0.7467766,0.008118602915526824,0.736399,0.757499
XGBoost,75,0.6980852000000001,0.03633438137219354,0.65567,0.732253,0.7188924,0.014568208410782716,0.702707,0.732507,0.7961996,0.004990692817635645,0.79025,0.800224,0.730365,0.005599636193539719,0.723821,0.737302,0.7423488,0.011386077010981452,0.727752,0.757014
XGBoost,100,0.6998234,0.0416518187153934,0.650074,0.740059,0.718238,0.015437787730112125,0.700524,0.731722,0.7947556,0.005453741037123031,0.788406,0.798936,0.7289514,0.004726854694191449,0.723311,0.734752,0.739584,0.01514952449748836,0.721672,0.759463
XGBoost,150,0.6995582,0.055398268201271396,0.630928,0.752283,0.714545,0.020146575577502022,0.688414,0.731805,0.7925447999999999,0.005763446165272971,0.786214,0.797264,0.7245646,0.005208930053283515,0.717409,0.73089,0.7336344,0.0203740876311064,0.712413,0.757426
XGBoost,200,0.7007954,0.06545645150632597,0.626068,0.765096,0.7125389999999999,0.023059099277725474,0.686309,0.732806,0.7905034,0.006163690842344389,0.78332,0.795495,0.7217664,0.005383833884881671,0.716316,0.729359,0.7295516,0.02511325230431132,0.701648,0.759378
